Ghost,Gunmetal,Paint Splatter
Robot Cat,Black,Glitter
Mimikyu,Gunmetal,None
Russian Hat,Gold,None
Monster Energy,Mint Green,Paint Splatter
Ghost Impmon,Gunmetal,None
Candy Burger Spider,Clear,None
Mimikyu,Clear,None
Drifella Hoodie,Gunmetal,Paint Splatter
Blue Eyes,Gunmetal,None
Ghost,Handpainted,None
Toon Drifella Hoodie,Black,Glitter
Hoodie,Gold,None
Spiky,Gunmetal,None
Jester,Purple Gunmetal,None
Reaper,Light Gray,Paint Splatter
Hayabusa,Black ,Glitter
Toon Drifella Hoodie,Gum Pink,None
Monster Energy,Gunmetal,None
Toon Drifella Hoodie,Handpainted,None
Dual Wield,Gunmetal,Paint Splatter
Hayabusa,Gold,None
Bazooka,Gold,None
Skull,Clear,None
Drifella Hoodie,Black,Glitter
Kenny,Clear,None
Mimikyu,Handpainted,None
Thief,Gold,None
Monster Energy,Light Gray,Paint Splatter
Monster Energy,Black,Glitter
Spiky,Gunmetal,Paint Splatter
Wing Helmet,Gold,None
Skull,Light Gray,None
Ventilator,Gold,None
Blue Eyes,Clear,None
Icy Cinnamon Roll,Gold,None
General,Clear,None
Reaper,Light Mint Green,None
Ghost 2,Gold,None
Monster Energy,Clear,None
Impmon,Gunmetal,None
Dual Wield,Gold,None
Icy Cinnamon Roll,Blue,Paint Splatter
Hikki Cloud Form,Gunmetal,None
Candy Burger Spider,Gunmetal,None
Mimikyu,Blue,Paint Splatter
Monster Energy,Flesh,Paint Splatter
Toon Drifella Hoodie,Gum Red,None
Hoodie,Gum Pink,None
Drifella Hoodie,Mint Green,None
Spiky,Light Pink,None
Cod,Blue,Paint Splatter
Ghost Impmon,Light Pink,Paint Splatter
Toon Drifella Hoodie,Tarnished Gunmetal,None
Mimikyu,Light Pink,Paint Splatter
Hayabusa,Light Gray,Paint Splatter
Hikki Cloud Form,Light Pink,Paint Splatter
Ghost Impmon,Clear,Paint Splatter
Drifella Hoodie,Light Pink,Paint Splatter
Robot Cat,Purple,Paint Splatter
Candy Burger Spider,Purple,Paint Splatter
Bazooka,Gum Pink,Paint Splatter
Frog,Light Pink,Paint Splatter
Dual Wield,Light Gray,Paint Splatter
Frazetta Helm,Light Gray,Paint Splatter
Ghost,Light Gray,Paint Splatter
Impmon,Pink,Paint Splatter
Ghost 2,Pink,Paint Splatter
Kenny,Gunmetal,None
Birdy Mon,Gold,None
Frog,Mint Green,None
Ghost 2,Gunmetal,None
Hayabusa,Gum Pink,None
Ye Bear,Tarnished Gunmetal,Paint Splatter
Hikki Cloud Form,Light Gray,None
Hoodie 2,Transparent Gray,Glitter
Birdy Mon,Black,Glitter
Impmon,Purple Gunmetal,None
Ventilator,Clear,None
Ye Bear,Gunmetal,None
Mimikyu,Flesh,None
Dual Wield,Gunmetal,None
Reaper,Transparent Gray,Glitter
Skull,Gunmetal,None
Hikki Cloud Form,Clear,None
Frog,Gunmetal,None
Blue Shell,Light Gray,None
Russian Hat,Gunmetal,None
Wing Helmet,Transparent Gray,Glitter
Toon Drifella Hoodie,Gunmetal,None
General,Gunmetal,None
Hayabusa,Gunmetal,None
Hayabusa,Tarnished Gunmetal,None
Jester,Clear,None
Skull,White,None
Candy Burger Spider,Mint Green,None
Icy Cinnamon Roll,Gum Pink,None
General,Flesh,None
Impmon,Blue,None
Robot Cat,Grape Wine,None
Dual Wield,Purple,None
Hayabusa,Mint Green,None
Robot Cat,Light Gray,None
Reaper,Pink,None
Ghost Impmon,Pink,None
General,Mint Green,None
Birdy Mon,Pink,None
Skull,Purple,None
Blue Shell,Flesh,None
Hoodie 2,Light Gray,None
Jester,Pink,None
Frog,White,None
Hackmon,Light Mint Green,None
Drifella Hoodie,Light Gray,None
Skull,Light Mint Green,None
Ghost,Pink,None
Monster Energy,White,None
Hikki Cloud Form,Flesh,None
Impmon,White,None
Blue Eyes,Blue,None
Icy Cinnamon Roll,Light Gray,None
Steelix,Flesh,None
Dual Wield,Flesh,None
Ghost Impmon,Mint Green,None
Cod,Light Pink,None
Spiky,Gum Pink,None
Dual Wield,Light Mint Green,None
Hayabusa,Gum Pink,None
Frog,Mint Green,None
Dual Wield,White,None
Frog,Flesh,None
Mimikyu,Light Gray,None
Monster Energy,Grape Wine,None
Robot Cat,Light Mint Green,None
Russian Hat,Light Mint Green,None
Cod,Purple,None
Thief,Gum Pink,None
Candy Burger Spider,White,None
Bazooka,Transparent Gray,None
Blue Shell,Light Mint Green,None
Frog,Light Gray,None
Robot Cat,Mint Green,None
Robot Cat,Flesh,None
Dual Wield,Pink,None
Mimikyu,Light Mint Green,None
Frog,Light Mint Green,None
Dual Wield,Mint Green,None
Thief,White,None
Mimikyu,White,None
Cod,Mint Green,None
Hayabusa,Light Mint Green,None
Robot Cat,White,None
Thief,Light Pink,None
Mimikyu,Pink,None
Icy Cinnamon Roll,Light Mint Green,None
Russian Hat,Pink,None
Reaper,Gum Pink,None
Candy Burger Spider,Light Gray,None
Monster Energy,Pink,None
Reaper,Light Gray,None
Kenny,Gunmetal,None
Frazetta Helm,Clear,None
Reaper,Gunmetal,None
Hackmon,Gunmetal,None
Dual Wield,Clear,None
Ghost,Mint Green,Paint Splatter
Drifella Hoodie,Light Mint Green,Paint Splatter
Steelix,Light Pink,Paint Splatter
Dual Wield,Light Pink,Paint Splatter
Dog,Transparent Gray,Paint Splatter
Frazetta Helm,Flesh,None
Reaper,Handpainted,Paint Splatter
Ventilator,Blue,Paint Splatter
Blue Eyes,Mint Green,Paint Splatter
Reaper,Gunmetal,None
Russian Hat,Transparent Gray,Paint Splatter
Thief,Blue,Paint Splatter
Birdy Mon,Gum Pink,None
Hayabusa,Blue,Paint Splatter
Impmon,Clear,None
Toon Drifella Hoodie,Transparent Gray,Paint Splatter
Hoodie 2,Gunmetal,Paint Splatter
Blue Shell,Clear,None
Monster Energy,Light Pink,None
Skull,Pink,None
Icy Cinnamon Roll,Gunmetal,Glitter
General,Light Pink,None
Mimikyu,Grape Wine,Paint Splatter
Toon Drifella Hoodie,Flesh Gray,None
Monster Energy,Gum Pink,None
Hoodie,Mint Green,Paint Splatter
Thief,Gunmetal,None
Blue Shell,Light Pink,Paint Splatter
Reaper,Transparent Gray,Paint Splatter
Drifella Hoodie,Icy Blue,None
Robot Cat,Clear,None
Ventilator,Flesh,Paint Splatter
Frog,Tarnished Gunmetal,None
Ghost Impmon,Purple,Paint Splatter
Reaper,Mint Green,Paint Splatter
Hoodie,Transparent Gray,Paint Splatter
Hikki Cloud Form,Mint Green,Paint Splatter
Reaper,Tarnished Gunmetal,None
Blue Eyes,Tarnished Gunmetal,None
Frog,Gum Pink,None
Hoodie 2,Gunmetal,None
Dual Wield,Icy Blue,None
Cod,Clear,None
Robot Cat,Light Pink,None
Dual Wield,Tarnished Gunmetal,None
Box,Clear,Paint Splatter
Hayabusa,Tarnished Gunmetal,None
General,Icy Grape Wine,None
Hoodie 2,Gum Pink,None
Candy Burger Spider,Light Mint Green,None
Skull,Mint Green,None
Candy Burger Spider,Flesh,None
Ghost 2,Gum Pink,None
Blue Shell,Pink,None
Jester,Mint Green,None
Monster Energy,Light Mint Green,None
Russian Hat,Gum Pink,None
Ghost,Light Mint Green,None
Hikki Cloud Form,Blue,None
Monster Energy,Purple,None
Thief,Grape Wine,None
Kenny,Flesh,None
Cod,Flesh,None
Wing Helmet,Gum Pink,None
Drifella Hoodie,Mint Green,None
General,White,None
Frazetta Helm,Light Pink,None
Frog,Purple,None
Blue Eyes,Grape Wine,None
Frog,Blue,None
Impmon,Light Pink,None
Monster Energy,Flesh,None
Ye Bear,Blue,None
Reaper,Gum Pink,None
Spiky,White,None
Kenny,White,None
Ghost Impmon,Grape Wine,None
Hikki Cloud Form,Pink,None
Frazetta Helm,White,None
Thief,Mint Green,None
Monster Energy,Light Pink,None
Candy Burger Spider,Blue,None
Drifella Hoodie,White,None
Skull,Flesh,None
Frog,Grape Wine,None
Ventilator,Light Pink,None
Kenny,Purple,None
Impmon,Light Mint Green,None
Jester,Light Gray,None
Thief,Purple,None
Hoodie 2,Light Mint Green,None
Skull,Grape Wine,None
Reaper,Light Mint Green,None
Monster Energy,Blue,None
Birdy Mon,Light Mint Green,None
Hikki Cloud Form,Purple,None
Ghost,Light Gray,None
Hayabusa,Pink,None
Spiky,Light Mint Green,None
Blue Shell,White,None
General,Blue,None
Hoodie,Light Mint Green,None
Cod,White,None
Frazetta Helm,Light Mint Green,None
Ghost Impmon,Blue,None
Kenny,Grape Wine,None
Birdy Mon,Light Gray,None
Skull,Light Pink,None
Impmon,Mint Green,None
Mimikyu,Purple,None
Thief,Flesh,None
Steelix,White,None
Reaper,Pink,None
Candy Burger Spider,Grape Wine,None
Dual Wield,Blue,None
Impmon,Purple,None
Drifella Hoodie,Purple,None
Hoodie,Pink,None
Robot Cat,Blue,None
Ye Bear,Gunmetal,None
Dual Wield,Gum Pink,None
Hikki Cloud Form,Grape Wine,None
Kenny,Mint Green,None
Ghost Impmon,Flesh,None
Bazooka,Transparent Gray,None
Ghost,Transparent Gray,None
Cod,Grape Wine,None
Dual Wield,Purple Gunmetal,None
Frazetta Helm,Purple,None
Icy Cinnamon Roll,Pink,None
Hayabusa,Transparent Gray,None
Russian Hat,Transparent Gray,None
Mimikyu,Mint Green,None
Hikki Cloud Form,White,None
Impmon,Flesh,None
Ghost Impmon,Light Gray,None
Hayabusa,Icy Blue,None
Hikki Cloud Form,Mint Green,None
Skull,Blue,None
General,Purple,None
Frog,Transparent Gray,None
Kenny,Light Gray,None
Hackmon,Mint Green,None
Ghost,Light Mint Green,None
Wing Helmet,Transparent Gray,None
Drifella Hoodie,Grape Wine,None
Ye Bear,Gum Pink,None
Hoodie,Transparent Gray,None
Mimikyu,White,None
Dual Wield,Transparent Gray,None
Reaper,Transparent Gray,None
Ye Bear,Handpainted,None
Kenny,Pink,None
Icy Cinnamon Roll,Transparent Gray,None
Jester,Flesh,None
Birdy Mon,Transparent Gray,None
Robot Cat,Pink,None
Monster Energy,Transparent Gray,None
Hayabusa,Transparent Gray,None
Toon Drifella Hoodie,Transparent Gray,None
Dual Wield,Transparent Gray,None
Hoodie,Handpainted,None
Hoodie 2,Handpainted,None
Dual Wield,Handpainted,None
Reaper,Handpainted,None
Monster Energy,Handpainted,None
Hayabusa,Handpainted,None
Frog,Handpainted,None